,entity,value
0,d1,0.03122
1,d2,0.03094
2,d3,0.02952
3,d4,0.03048
4,d5,0.0306
5,d6,0.03018
6,d7,0.03126
7,d8,0.03116
8,d9,0.0307
9,d10,0.02974
10,d11,0.02976
11,d12,0.0301
12,d13,0.03162
13,d14,0.0305
14,d15,0.03102
15,d16,0.03012
16,d17,0.03092
17,d18,0.03006
18,d19,0.02888
19,d20,0.0292
20,d21,0.031
21,d22,0.02906
22,d23,0.02998
23,d24,0.0305
24,d25,0.03004
25,d26,0.02874
26,d27,0.03072
27,d28,0.03022
28,d29,0.03052
29,d30,0.03084
30,d31,0.02972
31,d32,0.03022
32,d33,0.03046
