,entity,value
0,male,0.5021
1,female,0.4979
2,age_1,0.20042
3,age_2,0.20104
4,age_3,0.20136
5,age_4,0.19812
6,age_5,0.19906
7,sc,0.25136
8,st,0.25122
9,obc,0.24858
10,general,0.24884
