,male,female,age_1,age_2,age_3,age_4,age_5,sc,st,obc,general
0,0.5021,0.4979,0.20042,0.20104,0.20136,0.19812,0.19906,0.25136,0.25122,0.24858,0.24884
