,general,obc,sc,st,primart,secondary,highersecondary
0,0.9955735359096046,0.9975634578891308,0.9965751317565162,0.9972024553592056,0.9841161708356758,0.9376972322914263,0.8959536041747074
1,1.1876695896104692,1.389258334944474,1.512577605021201,1.574032498250595,0.605099392407009,1.4950819340270072,2.768119944933511
