,R2_score,MAE
general,0.9955735359096046,1.1876695896104692
obc,0.9975634578891308,1.389258334944474
sc,0.9965751317565162,1.512577605021201
st,0.9972024553592056,1.574032498250595
primart,0.9841161708356758,0.605099392407009
secondary,0.9376972322914263,1.4950819340270072
highersecondary,0.8959536041747074,2.768119944933511
male/female,0.9522806543069993,3.6757259746109305
