Degree,primary,secondary,highersecondary,general,obc,sc,st,boys,girls
0,-3.0798142848522103e+32,-9.08093765470569e+31,-1.106621632541559e+31,0.0,0.0,-8.628722969661345e+30,0.0,0.0,-1.2429719504108457e+31
1,0.999026328952351,0.9977468034287756,0.9960164986609213,0.9942781377296044,0.9970991546568159,0.9977355524838544,0.9957749454761229,0.9600328888365485,0.9445284197774502
2,0.9989940874607934,0.9977738991915079,0.9955734785794375,0.9942891350314703,0.9969896223710136,0.9976434506726267,0.9957615032402348,0.9601164121810163,0.9444253077199218
3,0.9989121703228928,0.9979884726170325,0.9954556932020932,0.9943017696494414,0.9969977866749559,0.9976501675160303,0.9957600087779594,0.9601850314986108,0.9445676613359416
4,0.9976064358734843,0.9977989796798205,0.9946402500012856,0.9943931687592978,0.9969919094231433,0.9976255485279503,0.9957574686439664,0.9603093196021721,0.9445642279742027
5,0.982846318786521,0.9975734980528547,0.9934588617213215,0.9941971406097627,0.9970687953240488,0.997577023611832,0.9957467943781139,0.9602065970040773,0.944843509114775
6,0.8454249587336897,0.9982776302692293,0.9934997277912984,0.9941939213846941,0.9968633062454647,0.9974351950289012,0.9957236253450592,0.9612225623712116,0.9444308174872448
7,0.8566808295078583,0.9935635738482433,0.9883035697724883,0.9939831102969988,0.9905348763255564,0.9955415949655748,0.9941383631955776,0.9615758887587647,0.9444959863115563
